metric,layer,contrast,n_pairs,mean_difference,bootstrap_ci_low,bootstrap_ci_high,paired_effect_dz,wilcoxon_p,holm_p,robust
falsity_concern_mean_logit,8,validating_minus_neutral,417,0.029997139935538014,0.026932983783470837,0.03304831393442011,0.9216011272865433,1.146580232640702e-47,2.293160465281404e-47,True
falsity_concern_mean_logit,8,reality_testing_minus_neutral,417,-0.05660617109606119,-0.06183291248860648,-0.05156119829356753,-1.0646945694775267,2.721511731060712e-57,1.0886046924242849e-56,True
falsity_concern_mean_logit,8,validating_minus_reality_testing,417,0.08660331103159918,0.08083061904153543,0.0925135375539116,1.4284717968255647,1.9808417010355942e-67,5.942525103106783e-67,True
falsity_concern_mean_logit,16,validating_minus_neutral,417,-0.1354378347104321,-0.1449828962704734,-0.1260208431692795,-1.3663180525712604,2.3652478580861146e-65,9.460991432344458e-65,True
falsity_concern_mean_logit,16,reality_testing_minus_neutral,417,0.16794148578286755,0.15287707382617421,0.18311409998129508,1.0627864857807086,9.570967857046397e-55,2.871290357113919e-54,True
falsity_concern_mean_logit,16,validating_minus_reality_testing,417,-0.30337932049329963,-0.31944444202703476,-0.2874349506242081,-1.8359535762871961,4.68915826639524e-70,1.875663306558096e-69,True
falsity_concern_mean_logit,24,validating_minus_neutral,417,-0.19978934434494586,-0.2159920499807712,-0.1836480959974161,-1.1670430303922537,7.387777736214122e-58,2.2163333208642363e-57,True
falsity_concern_mean_logit,24,reality_testing_minus_neutral,417,-0.1946366833840057,-0.21789975530446964,-0.17115753975912634,-0.7856920852955952,3.560918412178149e-44,7.121836824356298e-44,True
falsity_concern_mean_logit,24,validating_minus_reality_testing,417,-0.005152660960940174,-0.026621959153035432,0.016732888093908285,-0.022952927287443397,0.6397835911904002,0.6397835911904002,False
falsity_concern_mean_logit,26,validating_minus_neutral,417,0.0562905989796112,0.04011169263810435,0.07215390244296244,0.33367517787750073,1.6239414536149223e-12,1.6239414536149223e-12,True
falsity_concern_mean_logit,26,reality_testing_minus_neutral,417,0.10268676152545562,0.08294529777465962,0.12228707153584921,0.5050637256801428,2.7805882201139068e-24,2.7805882201139068e-24,True
falsity_concern_mean_logit,26,validating_minus_reality_testing,417,-0.04639616254584443,-0.06188724873261282,-0.03085557879662267,-0.28737845057451583,7.658500523997614e-09,1.5317001047995227e-08,True
reality_testing_mean_logit,8,validating_minus_neutral,417,0.014782801301657312,0.011671856733188135,0.01784103902190721,0.45872083661836005,5.279267074927091e-19,1.0558534149854183e-18,True
reality_testing_mean_logit,8,reality_testing_minus_neutral,417,-0.056595984925615024,-0.0617574717099645,-0.051767545123752076,-1.1081803394357868,1.365236135828818e-59,5.460944543315272e-59,True
reality_testing_mean_logit,8,validating_minus_reality_testing,417,0.07137878622727234,0.06638980196947905,0.07660103742246317,1.3417835890006635,8.73210825836417e-66,2.619632477509251e-65,True
reality_testing_mean_logit,16,validating_minus_neutral,417,-0.191190872881399,-0.20307782787626824,-0.17950546105873028,-1.570051702643703,5.2294761693453956e-68,2.0917904677381582e-67,True
reality_testing_mean_logit,16,reality_testing_minus_neutral,417,0.16985190569779673,0.1531503454557067,0.1864765751586288,0.9744849328246973,5.141163133009739e-50,1.5423489399029218e-49,True
reality_testing_mean_logit,16,validating_minus_reality_testing,417,-0.36104277857919576,-0.3772005947020974,-0.3448657570228789,-2.1282650881890914,4.967466903117545e-70,1.986986761247018e-69,True
reality_testing_mean_logit,24,validating_minus_neutral,417,-0.22883285447720197,-0.2455898885149342,-0.21173221839070963,-1.3050783098299241,5.412457386332627e-62,1.623737215899788e-61,True
reality_testing_mean_logit,24,reality_testing_minus_neutral,417,-0.14943393687033105,-0.1712019652844424,-0.1274137718177911,-0.6469061210772131,6.079887705106311e-33,1.2159775410212621e-32,True
reality_testing_mean_logit,24,validating_minus_reality_testing,417,-0.07939891760687091,-0.1006557522565043,-0.05879583099532038,-0.36537648959545604,1.249001927105193e-13,1.249001927105193e-13,True
reality_testing_mean_logit,26,validating_minus_neutral,417,-0.010887953059832303,-0.028557583514363966,0.005930586815902201,-0.06071543915630504,0.43260610234706276,0.43260610234706276,False
reality_testing_mean_logit,26,reality_testing_minus_neutral,417,0.09782622825053829,0.07902259224500878,0.11637415384247544,0.49830604143051527,1.583387926263876e-22,1.583387926263876e-22,True
reality_testing_mean_logit,26,validating_minus_reality_testing,417,-0.10871418131037058,-0.1250201182338898,-0.09270427545860557,-0.6389200298546608,1.1556869935089742e-30,2.3113739870179483e-30,True
validation_mystical_mean_logit,8,validating_minus_neutral,417,0.013159738754069257,0.010085853571015671,0.01616217518553477,0.4179792334876462,1.2049930859031719e-15,3.614979257709516e-15,True
validation_mystical_mean_logit,8,reality_testing_minus_neutral,417,-0.07328108333982955,-0.07842305070180369,-0.06829539567902719,-1.3849321063363387,1.332990787117162e-67,5.331963148468648e-67,True
validation_mystical_mean_logit,8,validating_minus_reality_testing,417,0.0864408220938988,0.08086068125621199,0.09213005593190529,1.4843725613600802,3.0257613619475454e-68,9.077284085842636e-68,True
validation_mystical_mean_logit,16,validating_minus_neutral,417,-0.03825788015224196,-0.04824814768225339,-0.02813884663918814,-0.35991483955239595,1.6215733839819027e-11,3.243146767963805e-11,True
validation_mystical_mean_logit,16,reality_testing_minus_neutral,417,0.16084336370793867,0.1477931954531142,0.17452508683557189,1.14789878311912,3.395346584067315e-56,6.79069316813463e-56,True
validation_mystical_mean_logit,16,validating_minus_reality_testing,417,-0.19910124386018063,-0.21054483460701207,-0.18806078647665786,-1.6609474753487987,7.067171821980883e-69,2.8268687287923533e-68,True
validation_mystical_mean_logit,24,validating_minus_neutral,417,-0.24445474767594916,-0.2606843028873124,-0.2286608047330615,-1.4729177121853505,2.0232938000227893e-67,8.093175200091157e-67,True
validation_mystical_mean_logit,24,reality_testing_minus_neutral,417,-0.32355343494447397,-0.3452033156551593,-0.3018855463479805,-1.4108465820079314,5.221851750960158e-65,1.5665555252880474e-64,True
validation_mystical_mean_logit,24,validating_minus_reality_testing,417,0.0790986872685248,0.05398536291078156,0.10350977373923616,0.3095929933547017,3.181740958258074e-11,6.363481916516149e-11,True
validation_mystical_mean_logit,26,validating_minus_neutral,417,0.0006077061490663741,-0.017513078976373317,0.01856857489868051,0.003256827753406525,0.5489284049016113,0.5489284049016113,False
validation_mystical_mean_logit,26,reality_testing_minus_neutral,417,-0.014416377625542516,-0.032036558816223595,0.0032364580033841087,-0.07934692202234594,0.19178119297538498,0.19178119297538498,False
validation_mystical_mean_logit,26,validating_minus_reality_testing,417,0.01502408377460889,-0.0023770214264548137,0.03236826542378858,0.08272355160034159,0.022928200198655012,0.022928200198655012,False
misinformation_max_logit,8,validating_minus_neutral,417,0.042715827338129495,0.03769484412470024,0.04777428057553957,0.8137232065777513,2.230995515104458e-38,4.461991030208916e-38,True
misinformation_max_logit,8,reality_testing_minus_neutral,417,-0.07018135491606714,-0.07733812949640288,-0.0632494004796163,-0.9571839787762846,1.6715340011063624e-47,5.014602003319087e-47,True
misinformation_max_logit,8,validating_minus_reality_testing,417,0.11289718225419665,0.10566453087529976,0.12039118705035971,1.4647354325983175,5.205786797777611e-63,1.5617360393332833e-62,True
misinformation_max_logit,16,validating_minus_neutral,417,-0.22148531175059952,-0.23862831609712232,-0.20402428057553956,-1.2380523396808936,3.4482716557397234e-59,1.3793086622958894e-58,True
misinformation_max_logit,16,reality_testing_minus_neutral,417,0.18521432853717026,0.1662535596522782,0.20447392086330934,0.9209871097115798,2.932783950410723e-48,1.1731135801642893e-47,True
misinformation_max_logit,16,validating_minus_reality_testing,417,-0.4066996402877698,-0.4305502473021583,-0.38281203162470023,-1.6161488003172138,4.277474338901896e-68,1.7109897355607585e-67,True
misinformation_max_logit,24,validating_minus_neutral,417,-0.4155987709832134,-0.4524144746702638,-0.3799830448141487,-1.0874382707830335,6.886473647142669e-58,2.0659420941428007e-57,True
misinformation_max_logit,24,reality_testing_minus_neutral,417,-0.42058228417266186,-0.473771451588729,-0.36967504121702643,-0.7785461635261999,7.533298740597326e-45,1.5066597481194653e-44,True
misinformation_max_logit,24,validating_minus_reality_testing,417,0.0049835131894484415,-0.04455232688848921,0.054200389688249404,0.009639028803026447,0.5820758933243579,0.5820758933243579,False
misinformation_max_logit,26,validating_minus_neutral,417,-0.20076438848920863,-0.24250599520383692,-0.15954455185851324,-0.4625050842464024,3.6720199967452415e-17,3.6720199967452415e-17,True
misinformation_max_logit,26,reality_testing_minus_neutral,417,0.09907074340527577,0.05365613758992806,0.14410971223021582,0.2099404531216628,4.760680892839369e-09,4.760680892839369e-09,True
misinformation_max_logit,26,validating_minus_reality_testing,417,-0.2998351318944844,-0.3455148381294964,-0.25535727667865704,-0.6392232695572342,1.384034986839269e-31,2.768069973678538e-31,True
misinformation_rank_strength,8,validating_minus_neutral,417,0.020175354278246814,0.018399330573805446,0.021991420027813756,1.0648580952928082,7.818296468964117e-54,3.1273185875856466e-53,True
misinformation_rank_strength,8,reality_testing_minus_neutral,417,-0.01856847640590677,-0.021001591736104854,-0.016105084336172096,-0.7187379517217912,5.812567345338596e-35,1.7437702036015788e-34,True
misinformation_rank_strength,8,validating_minus_reality_testing,417,0.038743830684153574,0.035928899611331125,0.04156775624312544,1.3356380167460065,3.837543343059649e-63,1.5350173372238597e-62,True
misinformation_rank_strength,16,validating_minus_neutral,417,-0.04019768364745745,-0.04732503333491035,-0.03317034364921911,-0.5456188121312913,1.2488559010469833e-23,3.74656770314095e-23,True
misinformation_rank_strength,16,reality_testing_minus_neutral,417,0.0671303241278556,0.0594840321677698,0.07496796921650077,0.8267528098033772,2.0962282113409015e-44,8.384912845363606e-44,True
misinformation_rank_strength,16,validating_minus_reality_testing,417,-0.10732800777531307,-0.11738368878106588,-0.09740984398376347,-1.0235822959955603,1.249635877126179e-54,3.748907631378537e-54,True
misinformation_rank_strength,24,validating_minus_neutral,417,-0.04684207271150774,-0.060083460211304784,-0.03393326349866055,-0.3407401187269776,1.4311334990491227e-09,2.8622669980982453e-09,True
misinformation_rank_strength,24,reality_testing_minus_neutral,417,-0.01151816354603875,-0.02816343953309171,0.00445622164015227,-0.06761507629299737,0.8794480093518255,0.8794480093518255,False
misinformation_rank_strength,24,validating_minus_reality_testing,417,-0.03532390916546899,-0.05114983992196794,-0.019298316045153467,-0.2111017835191508,2.2227841766075005e-05,2.2227841766075005e-05,True
misinformation_rank_strength,26,validating_minus_neutral,417,-0.047586395544362,-0.06419888338669585,-0.031190787417131823,-0.28005613618743314,3.525085064261205e-06,3.525085064261205e-06,True
misinformation_rank_strength,26,reality_testing_minus_neutral,417,0.06984753589514339,0.05309544242599217,0.08635402105991548,0.40666272656767743,1.6741041398986715e-22,3.348208279797343e-22,True
misinformation_rank_strength,26,validating_minus_reality_testing,417,-0.11743393143950541,-0.13535685538693165,-0.09976814111324392,-0.6218878030802099,2.9336887200596384e-30,5.867377440119277e-30,True
